{
  "uid_emb_size": 16,
  "weekid_emb_size": 3,
  "timdid_emb_size": 8,
  "kernel_size": 3,
  "num_filter": 32,
  "pooling_method": "attention",
  "num_final_fcs": 4,
  "final_fc_size": 128,
  "alpha": 0.1,

  "rnn_type": "LSTM",
  "rnn_num_layers": 1,
  "hidden_size": 128,

  "max_epoch": 100,
  "batch_size": 400,
  "learner": "adam",
  "learning_rate": 1e-3,
  "lr_decay": false,
  "clip_grad_norm": false,
  "use_early_stop": false,
  "patience": 20,

  "sigma_pi": 0.01,
  "sigma_start": 0.01,

  "sigma_0": 0.0001,
  "loss_function": "masked_mae",

  "evaluate_rep": 30
}