{
  "batch_size": 64,
  "cache_dataset": true,
  "num_workers": 0,
  "pad_with_last_sample": true,
  "train_rate": 0.7,
  "eval_rate": 0.1,
  "scaler": "minmax01",
  "load_external": false,
  "normal_external": false,
  "ext_scaler": "none",
  "input_window": 12,
  "output_window": 12,
  "add_time_in_day": false,
  "add_day_in_week": false,
  "len_closeness": 4,
  "len_period": 2,
  "len_trend": 1,
  "pad_forward_period": 0,
  "pad_back_period": 0,
  "pad_forward_trend": 0,
  "pad_back_trend": 0,
  "interval_period": 1,
  "interval_trend": 7
}
