{
  "cl_decay_steps": 2000,
  "filter_type": "dual_random_walk",
  "bidir_adj_mx": false,
  "max_diffusion_step": 2,
  "num_rnn_layers": 2,
  "rnn_units": 64,
  "use_curriculum_learning": true,

  "scaler": "standard",
  "load_external": true,
  "normal_external": false,
  "ext_scaler": "none",
  "add_time_in_day": true,
  "add_day_in_week": false,

  "max_epoch": 100,
  "learner": "adam",
  "learning_rate": 0.01,
  "lr_decay": true,
  "lr_scheduler": "multisteplr",
  "lr_decay_ratio": 0.1,
  "steps": [5, 20, 40, 70],
  "clip_grad_norm": true,
  "max_grad_norm": 5,
  "use_early_stop": true,
  "patience": 50,

  "sigma_pi": 1,
  "sigma_start": 0.01,
  "sigma_sigma_pi": 1,
  "sigma_sigma_start": 0.01,

  "init_params_from_dcrnn": false,
  "reg_encoder": true,
  "reg_decoder": true,
  "reg_encoder_sigma_0": false,
  "reg_decoder_sigma_0": false,
  "loss_function": "masked_mae",
  "clamp_function": "relu_0.0001"
}
