{
  "rnn_type": "GRU",
  "hidden_size": 64,
  "num_layers": 1,
  "dropout": 0,
  "bidirectional": false,
  "teacher_forcing_ratio": 0,

  "scaler": "standard",
  "load_external": true,
  "normal_external": false,
  "ext_scaler": "none",
  "add_time_in_day": true,
  "add_day_in_week": false,

  "max_epoch": 100,
  "learner": "adam",
  "learning_rate": 0.01,
  "lr_decay": true,
  "lr_scheduler": "multisteplr",
  "lr_decay_ratio": 0.1,
  "steps": [5, 20, 40, 70],
  "clip_grad_norm": true,
  "max_grad_norm": 5,
  "use_early_stop": true,
  "patience": 50
}
